                  epoch,         train/box_loss,         train/cls_loss,         train/dfl_loss,   metrics/precision(B),      metrics/recall(B),       metrics/mAP50(B),    metrics/mAP50-95(B),           val/box_loss,           val/cls_loss,           val/dfl_loss,                 lr/pg0,                 lr/pg1,                 lr/pg2
                      1,                 1.6558,                 1.5887,                 1.7468,                0.57921,                0.67531,                 0.6568,                0.40931,                 1.4071,                 1.2831,                 1.7327,             0.00010002,             0.00010002,             0.00010002
                      2,                 1.6209,                 1.4306,                 1.6952,                0.53662,                0.66354,                0.58127,                0.31391,                 1.6479,                 1.4828,                 1.8723,             0.00021242,             0.00021242,             0.00021242
                      3,                 1.6845,                 1.4908,                 1.8131,                0.54647,                0.66111,                0.62403,                0.37771,                 1.4569,                 1.3882,                 1.7695,              0.0003202,              0.0003202,              0.0003202
                      4,                 1.6329,                 1.4835,                 1.7397,                0.56377,                0.67838,                0.64845,                0.40303,                 1.4027,                 1.3657,                 1.7163,             0.00042335,             0.00042335,             0.00042335
                      5,                   1.63,                 1.5652,                 1.8035,                0.49582,                 0.6521,                 0.5014,                0.29921,                 1.5001,                 1.5145,                 1.8221,             0.00052189,             0.00052189,             0.00052189
                      6,                 1.6889,                 1.5666,                 1.8502,                0.50683,                0.60951,                0.58426,                0.35154,                 1.4735,                 1.4073,                 1.8437,             0.00061581,             0.00061581,             0.00061581
